Nomor Halaman;Nomor Baris;Aksara Jawa;Teks Latin;Terjemahan Indonesia
2;1;꧋ ............ ꦤꦮꦠꦤꦶꦁꦱꦸꦤ꧀;................ (korup) nawataningsun;................ (korup) Aku (sang pemilik kekuasaan)
2;2;ꦱꦸꦱꦸꦲꦸꦤꦤ꧀ ꦱꦼꦤꦥꦠꦶ ꦲꦶꦁ;susuhunan senapati ing;Susuhunan Senapati Ing Ngalaga.
2;3;ꦔꦭꦒ ꦄꦱꦸꦁꦒꦢꦸꦃ ꦣꦼꦤꦶꦁ ꦱꦔ꧀ꦱꦫ ꧇ꦩꦂ;ngalaga // gaduh dening sangasar/mar;diberikan kepada Sangasar.
2;4;ꦒꦤꦺ ꦒꦢꦸꦃ ꦤꦮꦭꦤꦶꦱꦸꦤ꧀ ꧇ ꦱꦶ;gane gaduh nawalanisun / si;Sebab Aku mempunyai (membuatkan) surat ini
2;5;ꦔꦁꦱꦂ ꦱꦸꦤ꧀ ꦒꦢꦸꦲꦶ ꦧꦸꦩꦶ ꦒꦭꦸꦃ;ngangsar sun gaduhi bumi galuh;Sangangsar Aku diberi kuasa (mempunyai) atas Bumi Galuh.
2;6;ꦫꦠꦸꦤꦺ ꦱꦠꦺꦠꦼꦱ꧀ ꦭꦼꦩꦲꦺ ꦱ;ratune satetes lemahe sa;Ratunya setetes tanahnya sebesar biji asem (kelungsu)
2;7;ꦏꦶꦭꦸꦁꦱꦸ ꧇ ꦆꦏꦸ ꦱꦶꦁ ꦔꦁꦱꦂ ꦏꦁ ꦄꦒꦢꦸꦮꦺ ꧇;kilungsu / iku sing ngangsar kang agaduwe //;itulah Sangangsar yang berhak memiliki.
2;8;ꦢꦼꦤꦺ ꦮꦺꦴꦁꦫꦠꦸ ꦮꦺꦴꦁꦫꦺꦴꦔꦼꦮꦸ ꦱꦔ;dene wong ratu wong rongewu sanga;Adapun ia berkuasa atas 2.960 (dua ribu sembilan ratus enam puluh) orang
2;9;ꦔꦠꦸꦱ꧀ ꦱꦮꦶꦢꦏ꧀ ꧇ ꦱꦥ ꦩꦲꦶ ꦢꦺ;ngatus sawidak // sapa mahi dé;diberikan kuasa dari dewa (penguasa yang lebih tinggi) … dari …
3;1;ꦱꦫꦲꦲ ꦲꦶꦁ ꦔꦫꦼꦥ꧀ (ꦠꦸꦭꦸꦁ);saraha ing ngarep (tulung);Bagi siapa saja yang hendak memberikan bantuan
3;2;ꦭꦪꦁ ꦱꦏ;layang saka;surat dari
3;3;(ꦥꦠꦤ꧀ꦢ) ꦤ;(patanda) na;Patanda (Pecattandha) nama
3;4;ꦩ ꦩꦶꦮꦃ ꦧꦸꦩꦶ ꦭꦮꦤ꧀ ꦭꦔ(ꦔꦶꦠ꧀);ma miwah bumi lawan langa(ngit);serta bumi dan langit.
3;5;ꦪꦪꦁ ꦠꦼꦏꦶ ꦩꦶ..... (ꦏꦺꦴꦫꦸꦥ꧀);yyang tèki mi..... (korup);Berasal dari Hyang (tuhan) … (kalimat rusak/tidak lengkap)
4;1;ꦥꦸꦤꦶꦏ (ꦲꦾꦁ) ꦥꦸꦤ꧀ ꦤꦺꦪꦁ ꦮꦶꦫ ꦤꦁꦒ ꦲꦂꦪ ꦥꦸꦤ꧀;punika (eyang) pun néyang wira nangga arya pun;Aku adalah Eyang Wiranangga
4;2;ꦥꦩ ꦭꦸꦮꦶꦃ ꦫꦠꦸ ꦲꦩꦱ꧀ ꦥꦸꦠꦸ ꦲꦶ;pama luwih ratu emas putu i-;paman lebih dari Ratu Emas Putu Imbanagara.
4;3;ꦩ꧀ꦧꦤꦒꦫ ꧈ ꦥꦸꦤ꧀ ꦲꦾꦁ ꦲꦤꦫꦶꦩ ꦪꦺꦤ꧀;mbanagara // pun eyang anarima yen;Maka eyang menerima kesalahan
4;4;ꦏꦱꦶꦱꦶꦥꦤ꧀ ꦆ ꦩꦁꦏꦼ ꦱꦸꦤꦁꦒ ꦶ ꦏꦂ;kasisipan i mangke sunangka i kar-;oleh karena itu eyang menyerah terhadap segala kehendakmu.
4;5;ꦱ ꧈ ꦥꦸꦤ꧀ ꦲꦾꦁ ꦒꦸꦔꦤ꧀ ꧈ ꦧꦭ ꦲꦔꦸꦠꦫ;sa / pun eyang gungan // bala anggatura;Eyang memiliki pasukan
4;6;ꦏꦺꦤ꧀ ꦭꦪꦁ ꦲꦶꦁ ꦢꦶꦤ ꦏꦼꦩꦶꦱ꧀ ꦠꦁꦒꦭ ꦥ꧀;ken layang ing dina kemis tanggal p-;menghaturkan surat ini pada hari Kamis tanggal 3
4;7;ꦲꦶꦁ ꦠꦶꦒ ꦱꦱꦶ ꦱꦮꦭ ꦛꦸꦤ꧀ ꦲꦺ ꧈ ꦠꦶ;ing tiga sasi sawal tahun he // ti-;bulan Syawal tahun He. (tanggal 22 Maret 1635) Titik.
4;8;ꦠꦶ ꧈ ꦥꦸꦤꦶꦏ ꦭꦪꦁ ꦥꦸꦤ꧀ ꦲꦾꦁ ꦮꦶ;ti // punika layang pun eyang wi-;Ini adalah surat dari Eyang Wiranangga
4;9;ꦫꦒꦪꦁ ꦥꦩ ꦭꦸꦮꦶꦃ ꦏꦠꦸꦫ ꦢꦠꦼꦁ;ragayang pama luwih katura dateng;menghaturkan (dengan hormat) pama lebih disampaikan kepada
4;10;ꦩꦱ꧀ ꦥꦸꦠꦸ ꦲ꧀ꦧꦤꦒꦫ ꦥꦸꦤ꧀ ꦲꦾꦁ ꦲꦤ;mas putu imbanagara pun eyang ana-;Mas Putu Imbanagara. Eyang menerima.
5;1;ꦫꦶꦩ ꦪꦺꦤ꧀ ꦩꦁꦏꦼ ꦏꦱꦶꦱꦶꦥꦤ꧀ ꧈ ꦲꦶꦁ ꦩꦁꦏꦼ;rima yen mangke kasisipan // ing mangke;Bahwa telah melakukan kesalahan.
5;2;ꦱꦸꦩꦁꦒ ꦲꦶꦁꦏꦁ ꦏꦂꦱ ꧈ ꦥꦤ꧀ ꦆꦏꦁ ꦄ-;sumangga ingkang karsa / pan ikang a-;Oleh karena itu eyang menyerah terhadap segala kehendakmu.
5;3;ꦫꦤ꧀ ꧈ ꦏꦭ ꦲꦤ꧀ꦠꦸꦂꦭꦪꦁ ꦲꦶꦁ ꦢꦶ-;ran // kala angaturi layang ing di-;Tatkala menghaturkan surat ini pada
5;4;ꦤ ꦏꦼꦩꦶꦱ꧀ ꦠꦁꦒꦭ ꦥꦶꦁ ꦠꦶꦒ ꧈ ꦱꦱꦶ ꦱ-;na kemis tanggal ping tiga / sasih sa-;pada hari Kamis tanggal 3 / bulan Syawal
5;5;ꦮꦭ ꦛꦸꦤ꧀ ꦲꦺ ꧈ ꦠꦶꦠꦶ ꧈;wal tahun he // titi //;tahun Wal tahun He. (titi mangsa)
5;6;ꦥꦸꦤꦶꦏ ꦭꦪꦁ ꦥꦸꦤ꧀ ꦲꦾꦁ ꦫꦗ ꦢꦼꦱ;punika layang pun eyang raja desa;Surat ini adalah dari Eyang Raja Desa
5;7;ꦔꦠꦸꦂ ꦢꦠꦼꦁ ꦩꦱ꧀ ꦥꦸꦠꦸ ꦆꦧꦤꦒꦫ ꧈;ngatur dateng mas putu imbanagara //;mengaturkan kepada Mas Putu Imbanagara.
5;8;ꦥꦸꦤ꧀ ꦲꦾꦁ ꦲꦤꦫꦶꦩ ꦪꦼꦏꦱꦶꦱꦶꦥꦤ꧀;pun eyang anarima yekasisipan;Eyang menerima kesalahan
5;9;ꦆ ꦩꦁꦏꦼ ꦱꦸꦩꦁꦒ ꦲꦶꦁꦏꦁ ꦏꦂꦱ ꧈ ꦥꦤ꧀ ꦆ-;i mangke sumangga ingkang karsa / pan i-;oleh karena itu eyang menyerah terhadap segala kehendakmu yang mempunyai kekuasaan.
5;10;ꦏꦁ ꦏꦒꦸꦔꦤ꧀ ꧈ ꦏꦭꦤ ꦲꦠꦸꦫꦶ ꦭꦪꦁ;kang kagungan // kalana aturi layang;Tatkala menghaturkan surat
6;1;ꦲꦶꦁ ꦢꦶꦤ ꦏꦼꦩꦶꦱ꧀ ꦠꦁꦒꦭ ꦥꦶꦁ ꦠꦶꦒ ꦱ;ing dina kemis tanggal ping tiga sa;Pada hari Kamis tanggal 3
6;2;ꦱꦶ ꦱꦮꦭ ꦛꦸꦤ꧀ ꦲꦺ ꧈ ꦠꦶꦠꦶ ꧈;si sawal tahun he // titi //;Bulan Syawal Tahun He (tanggal 22 Maret 1635). Titik.
6;3;ꦥꦼꦔꦼꦠ꧀ ꦱꦶꦠꦶ ꦒꦒ ꦢꦸꦮꦤꦶꦥꦸꦤ꧀;penget siti gaga duwanipun;Memberikan tanah ladang keduanya
6;4;ꦏꦶ ꦩꦱ꧀ ꦲ꧀ꦧꦤꦒꦫ ꧈ ꦱꦶꦠ꧀ ꦏꦭꦶꦃ ꦢꦱ;ki mas imbanagara // sit kalih dasa;kepada Ki Mas Imbanagara. Tanah sejumlah dua puluh sembilan
6;5;ꦱꦱꦔ ꦮꦠꦤꦶꦥꦸꦤ꧀ ꦏꦶ ꦲ꧀ꦧꦤꦒꦫ;sasanga watanipun ki imbanagara;dikuasakan kepada Ki Imbanagara
6;6;꧈ ꦤꦒꦫ ꦠꦼꦔꦃ ꧈ ꦥꦱꦶꦂ ꦥꦤ꧀ꦗꦁ ꧈ ꦕꦶꦗꦺꦴꦲꦺ;// nagara tengah / pasir pan(jang) / cijojho;Negara Tengah Pasir Panjang Cijoho
6;7;ꦭꦺꦴꦏꦱꦤ ꧈ ꦕꦶꦥꦼꦢ ꧈ ꦱꦶꦢꦁꦏ꧀ꦱꦲꦶꦱ꧀ ꦱꦶ;lokasana / cipede / sidang(k)sahis / si-;Lokasana Cipede Sidangkasih Si
6;8;ꦱꦶꦢꦁꦭ ꧈ ꦕꦶꦥꦫꦗ꧀ ꧈ ꦥꦩꦺꦠ꧀ꦠꦤ꧀ ꧈ ꦩꦤꦺꦴ-;sidangla / ciparaj / pamotan / mano-;Sidangla Ciparay Pamotan Manon
6;9;ꦚꦪꦗ ꧈ ꦕꦶꦭꦺꦮꦺꦃ ꧈ ꦥꦶꦢꦤꦶ ꦱꦶꦠꦶ;nyaja / ciluweh / pidani siti;Nyaja
6;10;ꦥꦶꦤꦫꦥꦠ꧀ ꧈ .......... ꦏꦁ ꦮꦺꦴꦤ꧀ꦠꦺꦤ꧀ ꦲꦶ;pinarapat // .......... kang wonten i;yang ada (diberikan) kepada
7;1;ꦏꦶꦪꦲꦶ ꦱꦸꦠ ꦤꦁꦒ ꧈ ꦏꦮꦱꦺꦤ꧀ ꧈ ꦕꦶ;kiyahi suta nangga // kawasen / ci;Kyai Sutanangga (ialah) Kawasen
7;2;ꦧꦺꦴꦣꦱ꧀ ꧈ ꦒꦼꦒꦺꦂ ꧈ ꦕꦺꦩꦶꦱ꧀ ꧈ ꦕꦶꦠ;bodas / geger / ciamis / cita;Geger
7;3;ꦩ꧀ꦧꦭ꧀ ꧈ ꦭꦶꦠꦸꦁ ꦩꦲꦸꦁ ꧈ ꦱꦸꦫꦥꦁ ꧈ ꦔ;mbal / litung maung / surupan / nga;Litung Maung
7;4;ꦮꦺꦴꦠꦤ꧀ ꦏꦶꦪꦲꦶ ꦱꦶꦔ ꦥꦿꦧꦁꦱ ꧈;wotan kiyahi singa prabangsa;Ngawotan Kyai Singa Prabangsa
7;5;ꦄꦭꦩ꧀ ꦩꦫꦥꦠꦤ꧀ ꧈ ꦧꦺꦁꦏꦺꦴ;alam marapatan // bengko;alam marapatan
7;6;ꦏ꧀ ꦭꦧꦔꦤ꧀ ꧈ ꦠꦶꦂꦠ ꦏꦸꦤꦭꦁ;k labangan / tirta kumalang;Tirta Kumalang
7;7;ꦏꦼꦂꦠꦧꦸꦩꦶ ꧈ ꦠꦼꦩ꧀ꦧꦺꦴꦁ ꦒꦸꦤꦸꦁ ꧈ ꦥꦁꦫ;kertabumi / tembong gunung / pangra;Kertabumi
7;8;ꦪꦩꦤ꧀ ꧈ ꦏꦁ ꦮꦺꦴꦤ꧀ꦠꦺꦤ꧀ ꦏꦶꦪꦲꦶ ꦫ;yaman / kang wonten kiyahi ra;Yang berada pada Kyai Raja Desa (seperti)
7;9;ꦗꦢꦺꦱ ꧈ ꦧꦺꦴꦗꦺꦁ ꦒꦭꦸꦃ ꧈ ꦈꦠꦩ;ja desa / bojong galuh / utama;Bojong Galuh Utama
7;10;ꦥꦤꦩꦸꦤ꧀ ꦫꦶꦩ꧀ꦥꦏ꧀ ꦧꦶꦔꦸꦂ ꦭꦼꦮꦸꦲꦶ;panamun rimpak bingur leuwi;Panamun
8;1;ꦭꦺꦱꦶꦂ ꧈ // # // ꦥꦸꦤꦶꦏ ꦆꦏꦁ ꦲꦁꦒꦫꦥꦤ꧀;lesir // # // punika ikang angarapan;Lesir. Demikianlah yang dikuasakan kepada
8;2;ꦏꦶꦪꦲꦶ ꦩꦱ꧀ ꦲ꧀ꦧꦤꦒꦫ ꧈ ꦏꦁ;kiyahi mas imbanagara // kang;Kyai Mas Imbanagara
8;3;ꦏꦛꦶꦩ꧀ꦧꦭꦤ꧀ ꦏꦶꦤꦩꦤꦫꦥꦠ꧀;katimbalan kinanamarapat;dipanggil disuruh membagi wilayah
8;5;ꦥꦸꦤꦶꦏ ꦠꦸꦠꦸꦂ ꦭꦸꦲꦸꦂ ꦲꦤ꧀ꦢꦶꦏ ꦫꦱꦸꦭꦸꦭꦭ;Punika tutur luhur a(n)dika rasululla;Ini adalah cerita luhur sabda Rasulullah yang luhur
8;6;ꦲꦶ ꦏꦁ ꦭꦸꦲꦸꦂ // ꦥꦂꦭꦸ ꦲꦔꦮꦶꦏꦤꦶ;hi ikang luhur // perlu angawikani;“Wajib mengetahui bagi semua orang Islam laki-laki dan perempuan.”
8;7;ꦱꦏꦺꦲꦺ ꦮꦺꦴꦁ ꦆꦱ꧀ꦭꦩ꧀ ꦭꦤꦁ ꦭꦤ꧀ ꦆꦱ꧀ꦭꦮ;akeh wong islam lanang lan islam wa;Sangat berfaedah bagi orang yang mengetahui
8;8;ꦢꦺꦴꦤ꧀ ꦱꦮꦧꦺ ꦲꦶꦏꦁ ꦲꦁꦒꦮꦶꦏ;don sawaé hikang hangawika;dan semuanya harus mengetahuinya
8;9;ꦤꦶ ꧈ / ꦲꦸꦠꦮꦶ ꦤꦩꦶ ꦩꦸꦲꦩꦢꦶꦏ ꧈ / ꦆ;ni / hutawi nabi muhamaddika / i;adapun Nabi Muhammad adalah putra dari
8;10;ꦏꦁ ꦫꦩ ꦲꦤꦏꦶ ꦲꦢꦸꦭꦃ // ꦢꦸꦭꦸꦭꦃ;kang rama anaki hadhullah // adhullah;Abdullah. Abdullah putra dari Abdul Muthalib
8;11;ꦏꦶ ꦲꦢꦸꦭ꧀ꦩꦠꦭꦶꦧ꧀ ꦲꦤꦏ꧀ ꦏꦶ ꦫꦧꦶꦒꦶꦪ;ki adulmatalib anak ki rabiga;Abdul Muthalib anak dari Ki Rabigalib.
8;12;ꦭꦶꦧ꧀ ꦤꦧꦶ ꧈ ...... ꦱꦏꦶꦁ ꦏꦁꦲꦂ ꧈ ꦩ;lib / nabi … saking kanghar / ma;Nabi … dari Kanghar
8;13;ꦲꦫ꧈ ꦲꦤꦏ꧀ ꦩꦭꦶꦏ꧀ ꦲꦶꦏꦸ;har // anak malik hiku;Mahar putra dari Malik.
9;1;ꦏꦶ ꦤꦠ꧀ ꦏꦶ ꦠꦥ꧀ꦱꦶꦂ ꧈ ꦲꦤꦏ꧀ ꦏꦶ ꦤꦢꦃ / ꦤꦢꦃ;ki nat ki tapsir / hanak ki nadah / nadah;Ki Nat Ki Tapsir putra dari Ki Nadah
9;2;ꦲꦶꦏꦸ ꦲꦤꦏ꧀ ꦏꦶ ꦗꦶꦲꦸ ꦩ ꦢꦭꦶꦤꦃ ꦠꦶ;hiku anak ki jihu ma dallinah ti;putra dari Jihu Ma Dallinah
9;3;ꦏꦸ ꦤꦏ꧀ ꦏꦶ ꦩꦸꦏꦭꦶꦲꦥ꧀ ... ꦏꦶ;ku nak ki mukalihap ... ki;putra dari Ki Mukallhap
9;4;ꦩꦭꦸ ꧈ ꦏꦸ ꦲꦤꦏ꧀ ꦏꦶ ꦤꦗꦶꦢ꧀ ꦆꦏꦸ;malu / ku anak ki najid iku;putra dari Ki Najid
9;5;ꦲꦤꦏ꧀ ꦏꦶ ꦩꦭꦩ꧀ ꦆꦏꦸ ꦲꦤ;anak ki malam iku ana;putra dari Ki Malam
9;6;ꦏꦶ ꦏꦶ / ꦥꦲꦸꦂ ꦆꦏꦸ ꦲꦤꦏ꧀ ꦏꦶ ꦥꦫꦒ꧀;ki ki / pahur iku anak ki parag;putra dari Pahur
9;7;ꦆꦏꦸ ꦲꦤꦏ꧀ ꦏꦶ ꦪꦱ꧀ꦗꦧ꧀ ꦆꦏꦸ ꦄ;iku anak ki yasjab iku a;putra dari Yasjab
9;8;ꦤꦏ꧀ ꦏꦶ ꦱꦧꦶꦠ꧀ ꦏꦶ ꦧꦒꦶꦣꦲꦶꦱ꧀;nak ki sabit anak ki bagidhais;putra dari Ki Sabit
9;9;ꦚꦪꦶꦩ ꦧ ꦚꦪꦶꦩ꧀ ꦩꦶꦏꦸ;nyahima bab nyahim miku;Mengenai Nyahlim
9;10;ꦲꦤꦏ꧀ ꦏꦶ ꦥꦶꦗꦂ / ꦥꦶꦗꦂ ꦭꦶꦏꦸ / ꦲ;hanak ki pijar / pijar liku / ha;Ki Pijar
9;11;ꦤꦏ꧀ ꦏꦶ ꦥꦲꦂ / ꦲꦤꦏ꧀ ꦏꦶ ꦱꦫꦺꦴ / ꦱ;nak ki pahar / hanaki saro / sa;putra dari Ki Pahar
9;12;ꦫꦺꦴ ꦲꦶꦏꦸ ꦲꦤꦏ꧀ ꦏꦶ ꦲꦗꦶꦂ / ꦲꦤꦏ꧀ ꦏꦶ;ro hiku hanak ki ajir / hanak ki;dan aku anak dari Ki Ajir
9;13;ꦱꦭꦶꦃ / ꦲꦤꦏ꧀ ꦏꦶ ꦥꦭꦧꦃ / ꦥꦭ…;salih / hanak ki palabah / pala-;putra dari Ki Salih
10;1;ꦲꦤꦏ꧀ ꦏꦶ ꦱꦩ꧀ꦱꦩ꧀ ꦲꦤꦏ꧀ ꦏꦶ;anak ki samsam anak ki;anak Ki Samsam
10;2;ꦲꦒꦂꦢꦶꦲ ꧈ ꦲꦤꦏ꧀ ꦏꦶ ꦩꦭ;agaridha / anak ki mala;Agaridha
10;3;ꦩ꧀ ꦩꦭꦩ꧀ ꦲꦤꦏ꧀ ꦏꦶ ꦫꦱꦸꦭ;m malam anak ki rasula;putra dari Ki Malam
10;4;ꦫꦱꦸꦭ ꧈ ꦲꦤꦏ꧀ ꦏꦶ ꦧꦒꦢꦲꦶꦱ꧀;rasula / anak ki bagadais;putra dari Ki Bagadais
10;5;ꦲꦶꦏ꧀ ꧈ ꦲꦤꦏ꧀ ꦏꦶ ꦩꦱꦂ ꧈ ꦩꦱꦫ;iki / anak ki masar / masar a;putra dari Ki Masar
10;6;ꦤꦏ꧀ ꦏꦶ ꦩꦭꦶꦩ꧀ ꦩꦶꦏ ꧈ ꦩꦭꦶꦏ꧀;nak ki malim mika / malik;putra dari Ki Malim Mika
10;7;ꦲꦤꦏ꧀ ꦏꦶ ꦫꦏꦢ꧀ ꧈ ꦲꦤꦏ꧀ ꦏꦶ ꦪꦣ꧀ ꦪꦣ꧀;anak ki rakad / anak ki yad yad;putra dari Ki Rakad
10;8;ꦲꦤꦏ꧀ ꦏꦶ ꦄꦢꦩ꧀ ꦲꦭꦺꦃꦱꦺꦭꦩ꧀ ꧈꧈;anak ki adam alaheslam //;putra dari Ki Adam alaheslam (Nabi Adam As).
10;9;ꦥꦸꦤꦶꦏ ꦕꦫꦶꦠ ꦭꦸꦲꦸꦂ ꦤꦧꦶ ꦄꦒꦸꦁ;punika carita luhur nabi agung;Demikianlah cerita leluhur dari Nabi Muhammad SAW
10;10;ꦱꦮꦧꦺ ꧈ ꦥꦶꦠꦸꦁ ꦮꦠꦫ ꦥꦶꦤꦢꦏ;sawa­bé / pitung watara pinadaka;sangat besar faedahnya. Di antara tujuh keutamaannya adalah:
10;11;ꦏꦼꦤ꧀ ꦮꦠꦸ ꦗꦸꦔꦶ ꦲꦶꦏ ꦧꦠꦸꦭ꧀ꦭꦃ;ken watu jungi hika batullah;dianjurkan mengunjungi Ka'bah (Baitullah)
10;12;ꦥꦶꦁ ꦱꦺꦮꦸꦃ ꧈ ꦭꦤ꧀ ꦥꦶꦤꦢꦏꦏꦼꦤ ꦮ…;ping sèwu / lan pinadakaken wa-;seribu kali
11;1;ꦠꦸ ꦗꦸꦔꦶ ꦲꦶꦁ ꦩꦢꦶꦤꦃ ꧈ ꦥꦶꦁ ꦱꦺꦮꦸꦃ ꧈ ꦭꦤ꧀;tu jungi hing madinah / ping sèwu / lan;mengunjungi Madinah seribu kali
11;2;ꦥꦶꦤꦢꦏꦼꦏꦺꦤ ꦲꦩꦕ ꦠꦶꦒꦥꦸꦭꦸꦃ;pinadakaken amaca tigapuluh;dianjurkan membaca tigapuluh jenis ayat atau dzikir
11;3;ꦗꦸꦩ ꦥꦶꦁ ꦱꦺꦮꦸꦃ ꧈ ꦭꦤ ꦥꦶꦤꦢꦏꦼꦏꦺꦤ;juma ping sèwu / lan pinadakaken;jumat seribu kali dan dianjurkan
11;4;ꦭꦤ ꦮꦺꦴꦁ ꦱꦫꦱꦠꦶꦭ꧀ ꦥꦶꦁ ꦱꦺ;lan wong serasatil ping sé;bagi orang serasatil (serakah) sebanyak seribu kali
11;5;ꦮꦸꦮ꧈ ꦥꦶꦤꦢꦏꦼꦏꦺꦤ ꦮꦺꦴꦁ;wuw / pinadakaken wong;kemudian dianjurkan juga kepada orang lain
11;6;ꦱꦶꦢꦼꦏ ꦲꦼꦩꦱ꧀ ꦭꦶꦂ ꦱꦒꦸꦤꦸꦁ;sideka hemas lir sagunung;sedekah emas seperti sebesar gunung
11;7;ꦥꦶꦁ ꦱꦺꦮꦸꦃ ꧈ ꦭꦤ꧀ ꦭꦩ꧀ ꦔꦼꦫꦶꦁ ꦫ;ping sèwu / lan lam nagering ra;seribu kali dan bagi yang masih cinta emas akan dihilangkan rasa cintanya
11;8;ꦤ꧀ ꦢꦸꦩꦢꦏ꧀ ꦮꦫꦱ꧀ ꧈ ꦭꦃ ꦩꦸꦥꦠꦺ꧉;n dumadak waras / lah mupatè.;dan bila menderita sakit maka akan sembuh
11;9;ꦤꦺ ꦢꦸꦩꦪ꧀ꦢꦏ꧀ ꦥꦢ ꧈ ꦠꦩꦤ꧀;né dumyadak pada / tamman;dan apabila telah wafat maka akan bangkit kembali dengan sempurna
12;1;ꦠꦾꦁ ꦠꦺ ꦏꦶ ꦩꦶꦭꦸ;tyang té ki milu;Hamba bernama Ki Milu
12;2;ꦲꦔꦮꦶ ꦕꦫꦶꦠ ꦫꦱꦸꦭ ꦒꦶꦤ꧀ꦤꦶ;angawi carita rasul ginni;yang menyampaikan cerita Rasul ini
12;3;ꦠꦾ ꦩꦂꦩꦤ꧀ꦤꦶꦁ ꦒꦶꦤꦸꦫꦶꦠ꧀ ꦩꦁꦏꦺ;tya marmanning ginurit mangko;oleh karena itu disusunlah cerita
12;4;ꦕꦫꦶꦠ ꦏꦶꦢꦸꦔꦤ꧀ ꦠꦼꦩ꧀ꦧꦁ;carita kidungan tembang;yang dilantunkan dengan tembang kidung
14;1;ꦠꦾꦁ ꦠꦺ ꦏꦶ;tyang té ki;Hamba bernama Ki Milu
14;2;ꦩ꧀ꦭꦸ ꦲꦁꦒꦮꦶ ꦕꦫꦶꦠ;mlu angawi carita;mengawi (menyampaikan) Cerita Rasul
14;3;ꦫꦱꦸꦭ ꦒꦶꦤꦶꦠꦾ ꦩꦂꦩꦤꦶꁠꦒꦶꦤꦸ;rasul ginitiya marmaning ginu;Oleh karena itu disusunlah cerita
14;4;ꦫꦶꦠ꧀ ꦩꦁꦏꦺ ꦕꦫꦶꦠ ꦏꦶꦢꦸꦔꦤ꧀;rit mangko carita kidungan;yang dilantunkan dengan tembang kidung
14;5;ꦠꦼꦩ꧀ꦧꦁꦠꦼꦩ꧀ꦧꦁ ꦄꦱ꧀ꦩꦫꦤ꧀ꦢꦤ꧀;tembang-tembang asmarandanna;tembang kidung Asmaradana
14;6;ꦠꦼꦁꦱꦸꦤ꧀ ꦤꦁꦫꦸꦁ;téngsun nangrung;Hamba telah mendengar
15;1;ꦔꦸ ꦠꦸꦠꦸꦂ ꦤ꧀ꦧꦶ ꦫꦱꦸꦭ ꦭꦶꦏ //;ngu tutur nabi rasul lika //;Tentang cerita Nabi Rasulullah
15;2;ꦭꦺꦮꦶꦃ ꦧꦼꦕꦶꦏꦶ ꦩꦁꦏꦶ;luwih beciki mangki;yang lebih baik dari cerita lainnya
15;3;ꦤ꧀ ꦏꦁ ꦕꦫꦶꦠ ꦭꦾꦤ꧀ ꦤꦶꦏ;n kang carita lyan nika;Telah dituturkan dalam sastra tulisan
15;4;ꦏꦺꦴꦕꦥꦶꦁ ꦗꦿ ꦱꦱ꧀ꦠꦿ ꦩꦁꦒꦸ;kocapping jro sastra manggū;bahwa Rasulullah
15;5;ꦏꦺꦴ ꦫꦱꦸꦭ꧀ꦭꦸꦭ꧀ ꦭꦺꦮꦶꦃ ꦩꦸ;ko rasullullah luwih mu;lebih mulia
15;6;ꦲꦾ ꦱꦏꦺꦃꦺꦤ꧀ ꦤꦧ꧀ꦠꦶꦤ꧀ꦔꦶ;iya sakéhén nabtin(n)ingi;daripada semua para nabi
16;1;ꦪꦾꦁ ꦄꦁꦒꦶꦁ ꦫꦱꦸꦭ꧀ ꦭꦺꦮꦶꦃ ꦆꦏ ꦏꦁ;Yyang Anging Rasul Lewih Ika Kang;Yang Anging (Yang Kuasa) Rasul lebih dari itu yang
16;2;ꦠꦶꦤꦸꦠ꧀ ꦿ ꦲꦶꦁ ꦗꦒꦠ꧀;Tinut Re Ing Jagat // Ya;Ditaati di jagat (dunia) ini // Ya
16;3;ꦪ ꦪꦃ ꦲꦁꦫꦺꦃ ꦪ ꦲꦩ꧀ꦲꦢꦸꦤ;Yah Hangreh Ya Ahmaduna;Wahai penguasa
16;4;ꦱ ꦭꦾꦶꦂ ꦏꦸꦩꦶꦭꦶꦥ꧀ ꦥꦸꦤꦶꦏ ꦱ;Sa Lyir Kumilip Punika Sa;Seperti berkedip
16;5;ꦏꦶꦁ ꦫꦱꦸꦭ꧀ ꦥꦶꦤꦁꦏꦤꦺ ꦥꦔꦸ;King Rasul Pinangkané Pangu;Sang Rasul yang menjadi asal mula (pangkal) dari
16;6;ꦭꦸꦤ꧀ꦤꦶꦁ ꦚꦮ ꦲꦶꦏ ꦥꦤ꧀ꦤꦏꦺꦏꦠꦶꦁ;Lunning Nyawa Hika Pannakékating;Semua jiwa
16;7;ꦗꦒꦠ꧀ ꦠꦤ꧀ ꦭꦤ꧀ꦤ ꦲꦤ꧀ꦢꦶꦏ ꦫꦱꦸꦭ꧀;Jagat Tan Lanna Handika Rasul;Jagat (dunia) tidak lain adalah Rasul
16;8;ꦪꦲꦶꦏꦸ ꦏꦏꦱꦶꦃ ꦲꦶꦁ ꦪꦾꦁ;Yahiku Kakasih Hing Yyang // Mi;Yaitu kekasih dari Yang (Allah) // Mi
16;9;ꦩꦶꦮꦃ ꦧꦸꦩꦶ ꦭꦮꦤ꧀ ꦭꦁꦒꦶꦠ꧀;Wah Bumi Lawan Langit Pan Naweta;Wahai bumi dan langit
16;10;ꦥꦤ꧀ ꦤꦮꦼꦠ ꦫ ꦏꦶ ꦩꦸꦲꦩꦣ꧀ ꦮꦸꦭꦤ꧀ ꦭꦤ꧀ ꦱꦿ;Ra Ki Muhamad Wulan Lan Sra;Serta Nabi Muhammad
16;11;ꦔꦺꦁꦒꦺ ꦩꦁꦏ ꦭꦶꦤ꧀ꦠꦁ ꦏꦭꦮ;Ngéngé Mangka Lintang Kalawa;Serta bintang-bintang dan awan-awan
16;12;ꦤ꧀ ꦠꦤ꧀ ꦩꦺꦒ ꦩꦸꦮꦃ ꦭꦸꦃꦏꦭꦩ꧀ ꦭꦤ꧀;N Tan Méga Muwah Luhkalam Lan;Dan juga mega dan Luhkalem (Lauhul Mahfuzh) dan
17;1;ꦲꦫꦱ꧀ ꦏꦸꦂꦱꦶ ꦠꦤ꧀ ꦭꦾꦤ꧀ ꦤꦶꦏꦸ ꦱ;aras kursi tan lyan niku sa;Arsy Kursi tiada lain itu adalah
17;2;ꦏꦶꦁ ꦫꦺꦴꦃ ꦲꦶꦭꦥꦶ ꦆꦏ ꧈꧈;king roh hilapi ika //;dari roh yang melupakan itu //
17;3;ꦩꦭꦺꦏꦠ꧀ ꦭꦤ꧀ ꦲꦶꦧ꧀ꦭꦶꦱ꧀ ꦲꦺꦗꦶꦩ꧀ ꦥꦺ;malékat lan hiblis hejim pe;malaikat dan iblis yang terkutuk pun
17;4;ꦫꦶ ꦥꦫꦪꦔꦤ꧀ ꦱꦏꦶꦁ ꦩꦸꦲꦩꦣ꧀ ꦠ ꦩꦔ꧀;ri parayangan saking muhamad ta mang;di hadapan (tempat peribadatan) dari Muhammad itu
17;5;ꦏ ꦪꦺꦏꦸ ꦢꦭꦶꦭꦺ꧈ ꦲꦭ꧀ꦪ;ko yéku dalilé halya;itu adalah dalil (bukti) yang terang/nyata
17;6;ꦩꦸꦏ ꦏꦭꦾꦤ꧀ ꦤꦧꦶ ꦏꦭ꧀ꦪ ꦥꦤꦸ;muka kalayyan nabi kalya panu;permukaan/wajah dengan nabi serta semua nabi
17;7;ꦠꦸꦧꦶꦁ ꦤ꧀ꦤꦧꦶ ꦫꦱꦸꦭ꧀ ꦔꦁꦏꦼꦤꦾ;tubing nnabi rasul ngangkênya;para nabi rasul yang membawanya
17;8;ꦒꦒꦤ꧀ꦠꦶ ꦪꦾꦁ ꦱꦸꦏ꧀ꦩ ꧈꧈;gaganti yyang sukma // purwakani;sebagai pengganti Sang Sukma (jiwa/roh suci) // permulaan dari
17;9;ꦥꦸꦂꦮꦏꦤ ꦏꦁ ꦮꦶꦤꦂꦤꦶ ꦥꦿꦠꦶꦩꦃ ꦱꦩꦔ꧀ꦏꦺ;kang winarni pratimah samangko;yang dikisahkan pertama kali sekarang
17;10;.......... (korup) ꦠꦿꦶ ꦄꦢꦶ ꦗꦒꦠ꧀ ꦩꦔ꧀ꦏꦺ ꦲ;..... (korup) tri adi jagat mangko ha;..... (korup) tiga adi jagat (dunia utama/luhur) sekarang
17;11;ꦩꦠꦸꦂ ꦧꦏ꧀ꦠꦶ ꦪꦾꦁ ꦱꦸꦏ꧀ꦩ ꧈;matur bakti yyang sukma / tanantara;berbakti kepada Sang Sukma / tanpa antara
17;12;ꦠꦤꦤ꧀ꦠꦫ ꦮꦶꦤꦂꦤꦶ ꦫꦮꦸ ꦗꦶꦤ꧀ꦤꦶꦫ ꦲꦶꦁ ꦪꦾꦁ ꦔꦒꦸꦁ;winarni rawu jinnira hing yyang ngagung;dikisahkan kedatangan jinnya kepada Yang Maha Agung
18;1;ꦏꦭ ꦮꦏ꧀ꦠꦸ ꦲꦱꦧꦃꦪꦁ ꧈꧈;Kala Waktu Asabahhyang // Ta;Pada waktu bersuci (sembahyang) // dan
18;2;ꦠꦤ꧀ꦥꦠꦫ ꦥꦸꦗꦶꦤꦺꦏꦺ ꦪꦺꦤ꧀ ꦱꦶ;Npatara Pujinéké Yén Si;Semoga doa/pujian itu jika
18;3;ꦪꦁ ꦥꦸꦱ ꦫꦺꦏꦺꦃ ꦠꦤ꧀ ꦥꦼꦒꦠ꧀ ꦠꦿꦶ;Yang Puasa Rekéh Tan Pegat Tri;Yang berpuasa itu tidak berhenti tiga (kali/hari?)
18;4;ꦭꦠ꧀ ꦩꦁꦏꦺ ꦱꦪ ꦱ꧀ꦿꦸ ꦮꦺꦢꦶ ꦪꦾꦁ;Lat Mangko Saya Sru Wedi Hyang;Maka sangatlah takut (hormat) kepada Tuhan
18;5;ꦱꦸꦏ꧀ꦩ ꦩꦶꦮꦃ ꦲꦱꦶꦃ ꦲꦶꦁ ꦧꦭ ꦄ;Sukma Miwah Asih Ing Bala A;Jiwa dan kasih sayang pada anak
18;6;ꦤ꧀ꦤꦏ꧀ ꦪꦠꦶꦩ꧀ ꦥꦏꦶꦂ ꦫꦶꦏꦸ ꧈;Nnak Yatim Pakir Riku / Ki;Anak yatim
18;7;ꦏꦶꦤ꧀ꦤꦱꦶꦪꦤ꧀ ꦢꦺꦤ꧀ ꦱꦤ꧀ꦤꦠ ꧈꧈;Nnasihyan Dén Sannata // Ta;Akan dikasihi oleh semesta // dan
18;8;ꦠꦤ꧀ ꦥꦼꦒꦠ꧀ ꦢꦤꦤ꧀ꦤꦶ ꦫꦺꦏꦶ ꦠꦺꦪ;N Pegat Dananni Réki Toya;Tidak henti-hentinya akan mengalir
18;9;ꦩꦶꦭꦶ ꦆꦏ ꦏꦱꦸꦏ꧀ꦱꦿ ꦲꦶꦁ ꦗꦒꦠ꧀ ꦱ;Mili Ika Kasuksra Ing Jagat Sa-;Mengalir itu terserap ke jagat (dunia)
19;1;ꦩ꧀ꦥꦸꦤ꧀ ꦒꦢ ꦥꦭꦠ꧀ ꦠꦶꦁꦏ ꦥꦶꦤꦫꦺꦏ꧀ ꦥ;Mpun Gada Polat Tingka Pinarek Pa;Tidak ada lagi tingkah laku yang mendekati (seperti)
19;2;ꦫ ꦲꦼꦩ꧀ꦧꦤ꧀ ꦥꦫ ꦲꦶꦚ꧀ꦚ ꦲꦒ꧀ꦭꦫ꧀ ꦫꦶꦏꦸ;Ra Hemban Para Hinyanya Haglar Riku;Para pengasuh
19;3;ꦲꦶꦁ ꦗꦮꦶ …… ꧈꧈;Hing Jawi ...... // Kang Putri Ha;Di luar ...... // Sang putri lalu
19;4;ꦏꦁ ꦥꦸꦠꦿꦶ ꦔꦤ꧀ꦢꦶꦏ ꦲꦫꦶꦱ꧀ ꦧꦧꦸ ꦲꦶꦚ꧀ꦚꦃ ꦩꦫꦺꦤ꧀ꦤ;Ngandika Haris Babu Hinyah Marénna;Berkata pelan
19;5;…… ꦒꦸꦤ ꦮꦺꦮꦺꦃꦲꦤ꧀ ꦩꦁꦏꦺ ꦏ;...... Guna Wowohan Mangko Ka;...... Manfaat buah (hasil) itu
19;6;ꦪ ꦲꦶꦁꦱꦸꦤ꧀ ꦲꦱꦩ꧀ꦧꦪꦁ ꦠꦶꦤꦶꦁꦒ;Ya Hingsun Hasambahyang Tininga;Ya
19;7;ꦭꦏꦼꦤ꧀ ꦮꦃꦪꦸ ꦏꦪ ꦮꦸꦭꦤ꧀ ꦥꦸꦂ;Laken Wahyu Kaya Wulan Pur;Membawa wahyu seperti bulan (purnama)
19;8;ꦤꦩꦺꦏꦸ ꧈ ꦏꦭꦶꦮꦠ꧀ ꦲꦱꦿꦸ ꦲꦥ;Naméku / Kaliwat Hasru Hapa;Nama saya / terlalu keras (terlalu berlebihan) apa
19;9;ꦢꦁ ꧈꧈ ꦱꦩ꧀ꦥꦸꦤ꧀ ꦲꦤꦶꦁꦒꦭꦶ ꦱꦶꦁꦒꦶ;Dang // Sampun Haningali Singgi;Sudah // sudah terlihat sangat tinggi
20;1;ꦲꦶꦁ ꦠꦾꦁ ꦄꦩ꧀ꦩꦶꦢꦼꦔꦼꦂ ꦯꦫ ꦈꦗꦫꦶꦁ;Ing Tyang Ammidenger Syara Ujaring;Bagi orang yang mendengar suara (perkataan)
20;2;ꦯꦫ ꦠ ꦩꦔ꧀ꦏꦺ ꦲꦺꦃ ꦥꦿꦠꦶ;Syara Ta Mangko Héh Prati;Suara itu maka wahai setiap
20;3;ꦩꦃ ꦱꦩ꧀ꦩꦶ ꦱꦶꦫ ꦱꦶꦁꦒ ꦩꦢꦲꦤ꧀ꦤ;Mah Sammi Sira Singa Madahanna;Bersama-sama engkau yang mengatakannya
20;4;ꦕꦪꦪ ꦲꦶꦁꦏꦁ ꦠꦸꦩꦼ꧋ꦢꦏ꧀ꦏꦶꦏꦸ ꦱꦸ;Cahyya Ingkang Tumedakkiku Su;Cahaya yang turun kepadaku
20;5;ꦤ꧀ ꦥꦚ꧀ꦗꦶꦔꦏꦺꦤ꧀ ꦤꦶꦁ ꦯꦪ ꧈꧈ ꦕꦪꦪ;N Panjingaken Ning Sya // Cahyya;Memasuki itu // Cahaya
20;6;ꦠ ꦥꦸ꧈ꦤ꧀ꦤꦶꦏꦸ ꦤ꧀ꦤꦶ ꦲꦤ꧀ꦤꦺꦁ ꦧꦠꦸ;Ta Punniku Nninni Annéng Batu;Itu adalah permata di batu
20;7;ꦏꦶꦁ ꦔꦧ꧀ꦢꦸꦭ꧀ꦭꦃ ꦄꦤꦏ꧀ꦏꦺ ꦏꦁ ꦥꦿꦧꦸ ꦩꦁ;Kking Ngabdullah Annakké Kang Prabu Mang;Abdullah
20;8;ꦏꦺ ꦲꦶꦁ ꦩꦤ꧀ꦢꦶꦤ ꦫꦺꦏꦺꦃ ꦆꦏ;Ko Ing Mandinah Rekéh Ika A;Itu di Madinah adalah
20;9;ꦧ꧀ꦢꦸꦭ꧀ꦩꦸꦠ꧀ꦠꦭꦶꦧ꧀ꦧꦶꦏ ꦏꦪ ꦥꦸꦠꦿ ꦭꦶ꧈;Bdul Muttallibbika Kaya Putra Li-;Abdul Muttalib
21;1;ꦭꦶꦩ ꦆꦏꦸ ꧈ ꦄꦧ꧀ꦢꦸꦭ꧀ꦭꦃ ꦏꦁ ꦠꦸꦮ ꦆꦏ ꧈꧈;Lima Iku / Abdullah Kang Tuwa;Lima itu / Abdullah yang tua
21;2;ꦏꦁ ꦥꦁꦒꦸꦭꦸ ꦄꦧꦸ ꦠꦭ꧀ꦭꦶꦧ꧀ ꧈;Ika // Kang Panggulu Abu Tallib;Itu // Yang memimpin adalah Abu Thalib
21;3;ꦄꦧꦱ꧀ ꦥꦤꦼꦔꦃ ꦪꦺ ꦆꦏ ꦩꦺ;Abas Panengah Yé Ika Mé;Abbas yang tengah (anak kedua) jika itu
21;4;ꦤ꧀ꦤꦏ꧀ ꦲꦩ꧀ꦗꦾꦃ ꦮꦸꦫꦸꦗꦸꦤ꧀ꦤꦺ ꦮꦸ;Nnak Amjiyah Wurujunné Wu;Anak Hamzah
21;5;ꦫꦒꦶꦭ꧀ ꦲꦶꦱ꧀ꦠꦿꦶ ꦥꦸꦤꦶꦏ ꦱꦸꦫꦛꦺ;Ragil Histri Punika Suraté;Wanita terakhir itu suratnya
21;6;ꦤ꧀ꦤꦶꦏꦶ ..... ꦩꦤꦶꦫ ꦥꦸꦤꦶꦚ꧀ꦚ ꦩꦁ;Nniki ..... Manira Puninyah Mang;Ini ..... Saya sekarang
21;7;ꦏꦺ ꦲꦸꦩꦠꦸꦂ ꧈ ꦱꦶꦁꦒꦶꦃ ꦠ ꦥꦸꦤꦥ;Ké Humatur / Singgih Ta Punapa;Berucap / Sungguh apakah
21;8;ꦫꦢ꧀ꦪꦤ꧀ ꧈꧈ ꦱꦁ ꦥꦸꦠꦿꦶ ꦔꦤ꧀ꦢꦶꦏ;Radyan // Sang Putri Ngandika;Pangeran // Sang putri berkata
21;9;ꦩꦭ꧀ꦭꦶꦃ ꦲꦶꦚ꧀ꦚꦤ꧀ꦪ ꦩꦁꦏꦺ ꦏꦂꦱꦤ꧀ ꦤꦶꦁ;Mallih Hinyanya Mangké Karsan Ning;Lagi-lagi budaknya sekarang ingin
22;1;ꦪꦾꦁ ꦪ ꦲꦩꦂꦭꦶꦁ ꦔꦧ꧀ꦢꦸꦭ꧀ꦭꦃ ꦲꦪꦸ;Wyang Ya Hamarling Ngabdullah Hayu;Tuhan (Yang Maha Kuasa) mengawinkan Abdullah yang tampan
22;2;ꦤ꧀ ꦩꦢꦶꦤ ꦩꦁꦏꦺ ꦲꦁꦒꦸꦁꦒꦲꦶ;N Madinah Mangko Hanggunggahi;Di Madinah kemudian datang (dengan membawa)
22;3;ꦏꦂꦱꦤ꧀ ꦤꦶꦁ ꦚꦁ ꧈ ꦲꦁꦭꦩꦂ ꦲꦶꦁ ꦔꦧ꧀ꦢꦸꦭ꧀ꦭꦃ;Karsan Ning Ngyang / Hanglamar Hing Ngabdullah;Kehendak Yang Maha Kuasa / Melamar kepada Abdullah
22;4;ꦩꦭꦂ ꦲꦁꦔꦤ꧀ꦢꦸꦠ꧀ ꦮꦛꦺꦁꦱꦸꦤ꧀ ꦕꦪꦪ;Malar Hangandut Waténgsun Cahyya;Lalu mengandung (membawa) cahaya dalam diriku (watak saya)
22;5;ꦏꦁ ꦠꦸꦩꦺꦢꦏ꧀ ꦏꦶꦏ ꧈꧈ ꦲꦶꦚ꧀ꦚꦃ;Kang Tumedak Kika // Hinyah;Yang turun itu // budak
22;6;ꦏꦠꦫ ꦲꦤ꧀ꦤꦶꦤꦶꦧ ꦭꦏꦺꦤ꧀꧉;Katara Hanniniba Lakénni;Terlihat seperti jatuh (turun)
22;7;ꦱꦩ꧀ꦪ ꦢꦢꦁ ꦒꦒꦩꦤ꧀ ꦭꦮꦤ꧀ ꦱꦁ ꦔꦸ;Samya Dadang Gagaman Lawan Sang Ngu;Sama-sama membawa senjata dan Sang Raja
22;8;ꦤ꧀ꦝꦺ ꦧꦸꦢꦭ ꦩꦁꦏꦺ ꦏꦂꦱꦤ꧀ ꦤꦶꦁ ꦚꦁ ꧈;Ndé Budal Mangko Karsan Ning Ngyang /;Berangkatlah sekarang atas kehendak Yang Maha Kuasa /
22;9;ꦲꦶꦚ꧀ꦚꦃ ꦱꦶꦫ ꦢꦁꦢꦤ ꧈ ꦫꦗ;Hinyah Sira Dangdana / Raja;Budak-budakmu berhiaslah / Raja
23;1;ꦏꦥꦸꦠꦿ ꦤꦶꦫꦺꦏꦸ ꦒꦮꦤ꧀꧈;Kaputra Niréku Gawanné;Putranya (beliau) adalah bawaannya
23;2;ꦤ꧀ ꦏꦧꦺꦃ ꦢꦺꦩ꧀ꦤꦶꦫ ꧈꧈ ꦲꦩꦱ꧀;N Kabéh Démnira // Emas;Dan semuanya // Emas
23;3;ꦤ꧀ꦤꦪꦏꦤ꧀ ꦤꦶꦫꦺꦏꦺ ꧈ ꦏꦭ꧀ꦥꦶ ꦏ;Nnayakan Niréké / Kalpi Ka;Menjadikan (nya) / Kalung
23;4;ꦭꦮꦤ꧀ ꦒꦼꦒꦼꦭꦁ ꦏꦶꦭꦠ꧀ ꦧꦲꦸ;Lawan Gegelang Kilat Bahu Na;Dan gelang kilat di lengan
23;5;ꦤ ꦒ ꦏꦸꦮꦺ ꦏꦁ ꦏꦭꦸꦁ ꦆꦤ꧀ꦠꦺꦤ꧀ ꦮꦶ;Ga Kuwé Kang Kalung Inten Wi;Ada juga kalung intan
23;6;ꦢꦸꦂꦪꦾꦤ꧀ ꦩꦶꦫꦃ ꦭꦤ꧀ ꦩꦸꦠꧾꦪꦃ;Duryyan Mirah Lan Mutyaha;Berlian
23;7;ꦫ ꦕꦸꦕꦸꦤ꧀ꦝꦸꦏ꧀ꦏꦤ꧀ ꦱꦼꦏꦂ ꦱꦸꦲꦸ;Ra Cucundukkan Sekar Suhu;Hiasan cucuk bunga yang indah (suhu)
23;8;ꦤ꧀ ꦱꦸꦮꦼꦁ ꦭꦮꦤ꧀ ꦚꦩ꧀ꦠꦿ ꦥꦺꦭꦁ;N Suweng Lawan Nyamtra Pélag;Dan anting-anting serta cincin yang bagus
23;9;꧈꧈ ꦱꦩ꧀ꦥꦸꦚ ꦱꦮꦫ ꦲꦒ꧀ꦭꦶꦱ꧀ ꦏꦮꦸ;// Sampunya Sawara Aglis Kawu-;// Setelahnya suara (bunyi) lekas ter-
24;1;ꦭ ꦧꦭ ꦄꦢꦤ꧀ ꦥꦸꦤꦶꦚ꧀ꦚ ꦲꦸ;La Bala Adan Puninyah Hu;(Para) tentara (itu) sekarang
24;2;ꦩꦠꦸꦂ ꦩꦁꦏꦺ ꦱꦩ꧀ꦥꦸꦤ꧀ ꦱꦪꦒ ꦏꦁ;Matur Mangko Sampun Sayaga Kang;Berkata
24;3;ꦧꦭ ꦥꦸꦤꦥ ꦏꦂꦱ ꦠꦸꦮꦤ꧀ ꦲ;Bala Punapa Karsa Tuwan Ha;Tentara itu apa kehendak Tuan
24;4;ꦧꦸꦢꦭ ꦱꦁ ꦥꦿꦧꦸ ꧈;Budal Sang Prabu / Ha;Berangkatlah Sang Raja /
24;5;ꦲ꧀ꦤ꧀ꦤꦶꦠꦶꦃ ꦗꦩ꧀ꦥꦤ꧀ꦤ ꦲꦺꦩꦱ꧀ ꧈꧈;Nnitih Jampanna Hemas //;Menaiki usungan emas //
24;6;ꦒꦶꦤꦫꦼꦧꦼꦒ꧀ ꦧꦭ ꦤꦺꦏꦺ꧈;Ginarebeg Bala Néké;Ditemani oleh tentara
24;7;ꦮꦺꦴꦁ ꦢꦭꦼꦩ꧀ ꦭꦤ꧀ ꦥꦫ ꦲꦼꦩ꧀ꦧꦤ꧀ ꧈;Wong Dalem Lan Para Emban ..;Orang-orang di dalam (istana) dan para pengasuh ..
24;8;…… ꦭꦥ꧀ ꦆꦏ ꦠ ꦩꦁꦏꦺ ꦫ;...... Lap Ika Ta Mangko Ra9;...... Kemudian itu
24;9;꧈ꦫꦺ꧈ ꦮꦸꦁꦏꦸꦏ꧀ ꦫꦫꦺ ꦮꦢꦺꦴꦤ꧀;RÉ WungkuK RARÉ Wadon;RE membungkuk
25;1;ꦥꦸꦤ꧀ ꦧꦸꦭꦺꦴ ꦥꦸꦤꦶꦏ ꦏꦛꦃ ꦲ;Pun Bulé Punika Kathah Ha;Putih itu banyak sekali
25;2;ꦩꦤ꧀ꦠꦿꦶ ꦤꦶꦥꦸꦤ꧀ꦤ꧀ ꦭꦸꦩꦩ꧀ꦥ ꦔꦂꦱ;Mantri Nipunn Lumampa Ngarsa;Menterinya berjalan di depan
25;3;ꦲꦮꦸꦤ꧀ꦠꦠ꧀ ꧈꧈ ꦱꦩꦾꦤ꧀ ꦤꦶꦠꦶꦃ ꦏꦸ;Hawuntat // Samyan Nitih Ku;Di belakang // Bersama-sama menaiki kuda
25;4;ꦢ ꦄꦱꦿꦶ ꦩꦶꦮꦃ ......;Da Asri Miwah ......;Yang indah dan ......
25;5;...... ꦄꦠꦿꦁ ꦠꦶꦤ꧀ꦤꦶꦁꦒꦭꦤ꧀ ꦩꦁ꧀ꦏꦺ;.... Atrang Tinningalan Mangké;.... Terlihat bersinar sekarang
25;6;ꦒꦒꦩꦤ꧀ ꦤꦶꦁ ꦱꦲꦶꦢꦶꦤ꧀ꦤ ꦭꦾꦶꦂ ꦱꦏꦂ;Gagaman Ning Sahidinna Lyir Sekar;Senjata dari para saksi seperti bunga
25;7;ꦱꦭꦱꦶ ꦫꦢ ꦠꦤ ꦏꦮꦂꦤ꧀ꦤ ꦲꦺꦁ ꦔꦺ;Salasi Rada Tan Kawarnna Héng Nge;Selasi agak tidak bisa digambarkan
25;8;ꦤꦸꦃ ꦄꦒ꧀ꦭꦶꦱ꧀ ꦥꦿꦥ꧀ꦠ ꦆꦁ ꦩꦢꦶꦤ꧀ꦤ;Nuh Aglis Prapta Ing Madinna;Segeralah tiba di Madinah
25;9;ꦄꦩꦺꦴꦤ꧀ꦢꦺꦴꦏ꧀ ꦗꦮꦶꦤꦶꦤ꧀ꦔ꧀ ꦏꦺꦴꦫꦶ;Amondok Jawininnng Kori;Menginap di luar pintu gerbang
26;1;ꦏꦠꦸꦂ ꦫꦶꦁ ꦱꦪꦢꦶꦤ ꦱꦁ ꦤꦠ;Katur Ring Sayadina Sang Nata;Disampaikan kepada Sayidina Sang Raja (atau Penguasa)
26;2;ꦥꦸꦠꦿꦶ ꦲꦤ꧀ꦢꦶꦏ ꦩꦁꦏ ꦧꦧꦸ ꦲꦶ;Putri Handika Mangko Babu Hi;Putri berkata
26;3;ꦚ ꦩꦫꦺꦤꦺꦪ ꦱꦸꦤ꧀ ꦏꦺꦴꦁꦏꦺꦴꦤ꧀;Nya Marénéya Sun Kongkon;Beliau datang kemari
26;4;ꦤꦒ꧀ꦭꦶꦱ꧀ ꦱꦶꦫ ꦢꦠꦺꦁ ꦔꦶꦁ ꦗꦿ ꦏꦶꦛ;Naglís Sira Daténg Ngíng Jro Kitha;Cepatlah beliau datang ke dalam kota
26;5;ꦆꦏꦸ ꧈ ꦩꦫꦺꦏꦶꦁ ꦤꦂꦠꦺꦁ ꦩꦢꦶꦤ꧀ꦃ;Iku / Marékíng Narténg Madinah;Itu / mendekati Madinah
26;6;꧈ ꦩꦠꦸꦫ ꦩꦁꦏꦺ ꦱꦶꦫꦺꦏꦶ ꦪꦺꦤ꧀;// Matura Mangké Sirékí Yén;// Berbicaralah sekarang
26;7;ꦤꦶꦱꦸꦤ꧀ ꦤꦂꦱ ꦏꦁ ꦥꦸꦠꦿ ꦲꦁꦒꦸꦁꦒꦃ;Nisún Narsa Kang Putra Hangunggáh;Saya ingin putra (beliau) naik (mengunjungi)
26;8;ꦲꦤ꧀ꦤꦮ ꦩꦁꦏ ꦔꦧ꧀ꦢꦸꦭꦃ ꦥꦸꦤ꧀ꦤꦶ;Hannawa Mangko Ngabdullah Punni;Maka Abdullah itu
26;9;ꦏ ꦥꦺꦴꦩ ꦩꦠꦸꦫ ꦲꦸꦒ ꦥꦸꦤꦶꦚꦃ;Ka Poma Matura Huga Puninyah;Janganlah lupa berbicara juga sekarang
27;1;ꦲꦩꦶꦠ꧀ ꦥꦸꦏꦸꦭꦸꦤ꧀ ꦲꦒ꧀ꦭꦶꦱ꧀ ꦫꦮꦸꦃꦺ;Hamit Pukulun Haglis Rawuhé;Hamba memohon (izin) Tuan
27;2;ꦥꦸꦤ꧀ ꦤꦶꦚꦃ // ꦲꦩꦶꦠ꧀ ꦠ ꦤꦼꦩ꧀ꦧꦃ .... (ꦏꦺꦴꦫꦸꦥ ꦫꦺ);Pun Ninya // Hamit Ta Nembah .... (korup ré);Para budak // Hamba menyembah .... (baris ini tampaknya rusak/tidak lengkap)
27;3;ꦏꦶ ꦥꦸꦤ꧀ ꦤꦶꦚꦃ ꦭꦸꦩꦩ꧀ꦥꦃ ꦱꦲꦺꦁꦒ;Ki Pun Ninyah Lumampah Sahéngga;Maka para budak berjalan sehingga
27;4;ꦭ ꦥꦿꦥ꧀ꦠꦺꦁ ꦥꦤꦏ꧀ꦏꦶꦭꦤ꧀ / ꦩꦁꦏꦺ ꦲ;L Prapténg Panangkilan / Mangko Ha;Tiba di tempat pertemuan / Kemudian
27;5;ꦤꦠꦤꦫꦺꦏ꧀ ꦱꦶꦫ ꦩꦠꦸꦫ ꦥꦸꦤ꧀ ꦧꦧꦸ ꦲꦶ;Natanarek Sira Matur Pun Babu Hi;Dengan tak berdaya beliau berkata
27;6;ꦤꦚꦃ ꦏꦮꦭ ꦔꦸꦠꦸꦱ꧀ ꦥꦸꦤꦶꦏꦃ /;Nnyah Kawula Ngutus Punika /;Hambamu diutus ini /
27;7;ꦪꦸꦤ ꦢꦺꦁꦔꦶꦁ ꦥꦸꦠꦿꦶ ꦱꦪꦶꦢꦶꦤ꧀ꦤ //;Yun Déngning Putri Sayidinna //;Oleh Putri Sayyidah //
27;8;ꦱꦁ ꦥꦿꦧꦸ ꦥꦸꦠꦿꦤ꧀ ꦤꦶꦫꦺꦏꦶ ꦲꦶ-;Sang Prabu Putran Nirékí Hi-;Sang Raja
27;9;ꦏꦸ ꦩꦁꦏꦺ / ꦲꦶꦁ ꦔꦸꦁꦒꦃ ꦭꦤ꧀ ꦢꦺꦁꦤꦶꦫ;Ku Mangké / Híng Ngunggáh Lan Déngnira;Itu sekarang / Untuk naik (menghadap) dan denganmu
28;1;ꦠꦸꦲꦸꦤ꧀ꦏꦸ .... ꦏꦼꦩꦸꦢꦺꦴꦤ꧀ ꦪꦁ ꦤꦼꦩꦫ;Gusti .... (korup) Hamangko Kang Nnama;Tuanku .... (korup) kemudian yang bernama
28;2;.... ꦄꦧ꧀ꦢꦸꦭꦃ ꦩꦼꦚ꧀ꦗꦶ ꦥꦼꦂꦏꦠꦲꦤ꧀ ꦱꦁ;.... (korup) Bdulah Dadya Ling Ngira Sang;.... (korup) Abdullah menjadi perkataan Sang
28;3;ꦫꦗ .... ꦤꦩꦚꦺꦴ ꦲꦶꦠꦸ ꦢꦶ;Nata .... (korup) Namané Pu Nika / Híng;Raja .... (korup) namanya itu / di
28;4;ꦪꦁ ꦢꦶ ꦢꦼꦥꦤ꧀ (ꦥꦭꦶꦁ ꦢꦸꦭꦸ) ꦲꦢ ꦲꦺꦴꦫꦁ // ꦥꦫ ꦧꦸꦢꦏ꧀;Kang Ngarsa Hanaking Wang // Pun Ninyah;Yang di depan (paling dulu) ada orang // Para budak
28;5;ꦩꦠꦸꦂ ꦮꦲꦻ ꦥꦠꦶꦩꦃ ꦧꦼꦂꦱꦩ;Matur Sirékí Patimah Sammi Na;Berkata
28;6;ꦢꦼꦔꦤ꧀ ꦱꦁ ꦫꦗ ꦩꦠꦸꦂ ꦩꦁꦏ;Manya Sang Nata Ngandika Mangko Ha;Dengan Sang Raja berkata
28;7;ꦄꦧ꧀ꦢꦸꦭꦃ ꦲꦤꦏ꧀ ꦱꦪ ꦠꦼꦠꦩꦶ;Bdulah Hanak Manira Nanging Sam;Abdullah
28;8;ꦱꦸꦢꦃ ꦧꦼꦂꦲꦶꦱ꧀ꦠꦿꦶ (ꦧꦼꦂꦏꦸꦭꦸꦒꦫ) ꦠꦶꦢꦏ꧀ꦭꦃ ꦥꦤ꧀ꦠꦱ꧀;Pun Kanakrama Tan Patut;Sudah beristri (berkeluarga) tidaklah pantas
28;9;ꦈꦤ꧀ꦠꦸꦏ꧀ ꦩꦼꦚ꧀ꦗꦶ ꦲꦶꦱ꧀ꦠꦿꦶ/ꦱꦸꦩꦶ ꦧꦭꦺꦪꦸ;Ta Rabi Nipun Hélik Mantunni;Untuk menjadi istri/suami beliau
28;10;ꦆꦠꦸ // ꦪꦁ ꦤꦼꦩꦫ ꦢꦺꦮꦶ;Punika // Hang Manah Haran Déwi;Itu // yang bernama Dewi
29;1;ꦏꦶ .... ꦔꦶꦏꦸ ꦥꦒꦂ ...... ꦏꦢꦾ ꦭ;Ki ... (korup) Ngiku Pagar ...... (korup) Kadya La;Sang .... (korup) pagar .... (korup) seperti
29;2;ꦩꦶꦤꦶꦁ ꦲꦥꦁꦒꦶꦃ ꦩꦁꦏꦺ ꦲꦩꦶꦲꦂꦱꦶ ꦲ;Mining Apanggih Mangké Hamiharsi Ha;Bertemu kemudian mendengar
29;3;ꦤꦲꦶꦁ ꦠꦤ ꦲꦤꦏꦶꦱꦸꦤ꧀ ꦲꦧ꧀ꦢꦸꦭꦃ;Nahing Tan Hanakisun Habdullah;Tetapi tidak ada anakku Abdullah
29;4;ꦪꦺ ꦱꦶ ꦩꦁꦏꦺ ꦱꦶꦫꦺꦏꦸ ꦩꦫꦃ;Yé Sí Mangko Siréku Maraha;Jika sekarang engkau marah
29;5;ꦱꦶꦫ ꦲꦶꦁ ꦠꦩꦤ // ꦲꦩꦠ꧀ ꦲꦤꦺꦩ;Sira Híng Taman // Hamat Hanem;Engkau di taman // Dengan sangat hormat
29;6;ꦧꦃ ꦱꦶꦫꦺꦏꦶ ꦢꦢꦾ ꦱꦶꦫ;Bah Siréki Dadya Sira;Sembahmu
29;7;ꦩꦫꦶꦁ ꦠꦩꦤ ꦥꦸꦤ ꦤꦶꦚꦃ ꦭꦸꦩꦩ;Maring Taman Pun Ninyah Lumam;Pergi ke taman
29;8;ꦥꦃ ꦲꦒꦺ ꦭꦼꦁꦏ꧀ ꦤꦠ ꦱꦶꦫ ꦱꦁ ꦔꦾ;Pah Hagé Léngak Nata Sira Sang Ngya;Dengan cepat
29;9;ꦠꦼꦤ ꦤꦶꦁ ꦗꦿꦺ ꦠꦩꦤ ꦲꦧ꧀ꦢꦸꦭꦃ ꦩꦁ-;Ten Ning Jro Taman Abdullah Mang-;Di dalam taman
30;1;ꦏꦺ ꦮꦶꦤꦸ (ꦏꦺꦴꦫꦸꦥ) ꦭ ꦩꦁꦏꦺ ꦕꦃꦪ ꦤꦶ;Ké Wínu (korup) L Mangké Cahya Ní;Maka di sini (korup) / Sekarang cahaya
30;2;ꦫ // (ꦏꦺꦴꦫꦸꦥ) ꦱꦶꦁꦔ꧀ꦭꦶꦁ ꦥꦸꦤꦶꦏꦶ ꦮꦂꦤ;Ra // (korup) Singngling Puníki Warna;(korup) Bersinar
30;3;ꦤꦶꦫ ꦭꦶꦂ ꦥꦮꦏ ꦏꦭꦤ꧀ꦔꦶꦁ ꦥꦸꦂꦤꦩ;Nira Lir Pawaka Kalanning Purnama;Seperti api di kala purnama
30;4;ꦥꦢꦁ ꦒꦸꦩꦮꦁ ꦏꦢꦾ ꦤ꧀ꦤꦮꦁ ꦩ;Padang Gumawang Kadya Nnawang Ma;Terang benderang seperti melihat
30;5;ꦤꦺꦴꦫꦺꦴꦁ ꦏꦢꦾ ꦭꦶꦢꦃ ꦩꦤ꧀ꦠꦸꦂ;Neorong Kadya Lidah Mantur;Memancar seperti lidah menjulur
30;6;ꦒꦫ ꦭꦾꦶꦂ ꦫꦤꦫꦸꦁ / ꦏꦪ ꦒꦸꦂꦤꦶꦠꦾ;Gara Lyir Ranarung / Kaya Gurnitya;Gerak seperti kobaran api / Seperti petir
30;7;ꦒꦸꦩꦼꦧꦾꦂ // ꦱꦸꦫꦩ ꦏꦁ ꦱꦸꦂꦪ;Gumebyar // Suram Kang Surya;Berkilauan // Redupkan matahari
30;8;ꦱꦫꦶ ꦏꦱꦶꦭꦺꦪꦤ ꦢꦺꦤꦶꦁ ꦕꦃ;Sari Kasileyan Déning Cah;Yang (semula) tertutup oleh cahaya
30;9;ꦪꦪ ꦤꦸꦂꦧꦸꦮꦠ꧀ ꦩꦁꦏꦺ ꦆꦏ ꦗꦿꦺ;Yya Nurbuwat Mangké Ika Jro;Kenabian
30;10;ꦢ (ꦏꦺꦴꦫꦸꦥ) ꦲꦥꦢꦁ ꦩꦁꦏꦺ ꦏꦏꦺꦭ꧀ꦤꦾꦺ-;Da (korup) Hapadang Mangko Kakelnye-;(korup) Terang
31;1;ꦤꦃꦲꦶ // ꦲꦤꦺꦁ ;Nahhi // Hanéng ;di
31;5;ꦢꦃ ꦲꦺꦤ ….. ꦲꦶꦁꦏꦁ …....;Dah Hena (korup) Hingkang (korup);Sudah
31;6;…..... ꦏꦺꦤꦁ;(korup) Kenang;(tidak terbaca) terkenang
34;1;ꦲꦶꦁ ꦗꦺꦁ ꦔꦤ꧀ꦢꦶꦏ ꦲꦶꦁ (ꦏꦺꦴꦫꦸꦥ꧀);hing jeng ngandika hing (korup);kepada jeng andika di (korup)
35;1;ꦥꦸꦠꦿꦶ ꦄꦢꦶ ꦩꦶꦢꦼꦫ ꦱꦺꦁ ꦤꦒꦫ ꦩꦁꦏꦶꦤ꧀;putri adi midera séng nagara mangkin;Putri adi linuwih berkelilinglah ke seluruh penjara negara
35;2;(korup) ꦏꦪ ꦱꦶꦫ // ꦏꦪ ꦮꦶꦢꦢ;(korup) kaya sira // kaya widada;(korup) rupa sepertimu
35;3;(korup) ꦲꦶꦁ ꦩꦤ (korup);(korup) hing mana (korup);(korup) dalam hati (korup)
35;5;(korup) ꦱꦼꦏꦂ (korup);(korup) sekar (korup);(korup) bunga (korup)
